file_name,kind,number,title,file_size,sha256
ReZero Starting Life in Another World - LN 01.epub,main,1,"Re:ZERO -Starting Life in Another World-, Vol. 1",12090799,771fac479053e9cba6c246f1312c5008d33e997c697c450ad7c928a71454a490
ReZero Starting Life in Another World - LN 02.epub,main,2,"Re:ZERO -Starting Life in Another World-, Vol. 2",16366204,d315451857fee0694d34d4ee65462b7384c65dbfccc181f1734ab261b5f87b9b
ReZero Starting Life in Another World - LN 03.epub,main,3,Re:ZERO -Starting Life in Another World- Vol. 3,14337026,e70185f3ac03c56f0dcc9eb639ecc3b9a58b9c597eb2d32103baed7ec4dac30c
ReZero Starting Life in Another World - LN 04.epub,main,4,"Re:ZERO -Starting Life in Another World-, Vol. 4",20187903,839a947203185c965621695a48b9b5b36f8bcea00bee8ff3393321adfa0b9f99
ReZero Starting Life in Another World - LN 05.epub,main,5,"Re:ZERO -Starting Life in Another World-, Vol. 5",15408695,d90238041debe0c6f784453ce21af7350aa99fab769589bb780d0dc28a3fd514
ReZero Starting Life in Another World - LN 06.epub,main,6,"Re:ZERO -Starting Life in Another World-, Vol. 6",18500484,366b7c1421546ebb2ebc0e70b99452827e5d167e1b2ba51e39c60332e2b763b2
ReZero Starting Life in Another World - LN 07.epub,main,7,"Re:ZERO -Starting Life in Another World-, Vol. 7",15076374,6443303660b4bb020858855fdb4c1843ba49672f61c5dc70f848eab511204125
ReZero Starting Life in Another World - LN 08.epub,main,8,"Re:ZERO -Starting Life in Another World-, Vol. 8",15882738,ec64d36f76e279bd99f6d975c3c79c872c024b01913b4317fe163ce7e813e35d
ReZero Starting Life in Another World - LN 09.epub,main,9,"Re:ZERO -Starting Life in Another World-, Vol. 9",14564445,d045f2a3adcfcc037f16bfac62ff7f2a110c59d434c990dc7e88f56658ea4acd
ReZero Starting Life in Another World - LN 10.epub,main,10,"Re:ZERO -Starting Life in Another World-, Vol. 10",15840265,7acfd4da4a6a19d19463d3a9e8e3cdea2b3f0a299ca2c86a66ac5a6fb0f82ff4
ReZero Starting Life in Another World - LN 11.epub,main,11,"Re:ZERO -Starting Life in Another World-, Vol. 11",16338346,6cf0e2b582a48092d1d9ab86b2be47ee955e4648c20a2273a643c966e4686dee
ReZero Starting Life in Another World - LN 12.epub,main,12,"Re:ZERO -Starting Life in Another World-, Vol. 12",15026702,3e39ac694e00915977b8aa4c91f0aef4ecf85659762133b9427a8cd6094d7372
ReZero Starting Life in Another World - LN 13.epub,main,13,"Re:ZERO -Starting Life in Another World-, Vol. 13",17427529,d41da18d611e89f869afdd5b9eaa416435048be1c3235f70f35484378a77a398
ReZero Starting Life in Another World - LN 14.epub,main,14,"Re:ZERO -Starting Life in Another World-, Vol. 14",17087560,f380a98b666f8f93f6250e39cc05a65b10d753c7f4958603e6e3f01df6ae0e5f
ReZero Starting Life in Another World - LN 15.epub,main,15,"Re:ZERO -Starting Life in Another World-, Vol. 15",16107483,d6f00544e08948126c8dee73daf3c15159a0bc0d7dab640a381e68de3364dbfc
ReZero Starting Life in Another World - LN 16.epub,main,16,"Re:ZERO: -Starting Life in Another World-, Vol. 16",18612468,8cb5e5f32068f460e8522538c9ca02d8102d52d918416f111fea91e06828bf1f
ReZero Starting Life in Another World - LN 17.epub,main,17,"Re:ZERO -Starting Life in Another World-, Vol. 17",22378707,bbf1d4c9c74ededa258671c2133078f60730d39c42bf58f9cea286537f9b66e7
ReZero Starting Life in Another World - LN 18.epub,main,18,"Re:ZERO -Starting Life in Another World-, Vol. 18",16611462,e87be96d76898fb6a4183c622b7488c8a75e6de7866dcce0cd7d8c97fed8319e
ReZero Starting Life in Another World - LN 19.epub,main,19,"Re:ZERO -Starting Life in Another World-, Vol. 19",20312392,0c1676f4df3bc03a3095e34505aa2bf1e084080f0f1d8ee98816b40da62e3ba4
ReZero Starting Life in Another World - LN 20.epub,main,20,"Re:ZERO -Starting Life in Another World-, Vol. 20",17167384,014ce7209daf8be6877b9b813575b630005e77c6ca573da3f6938cedc3aab1df
ReZero Starting Life in Another World - LN 21.epub,main,21,"Re:ZERO -Starting Life in Another World-, Vol. 21",10908326,35006c15e16b7a2f82957feff57c4801a1766cb47afbfda43affae8f133c8a81
ReZero Starting Life in Another World - LN 22.epub,main,22,"Re:ZERO -Starting Life in Another World-, Vol. 22",16425834,8c51d36c4b09714fa5c1852f0d950511774ec8d3b6370ce09d6d901d048d9995
ReZero Starting Life in Another World - LN 23.epub,main,23,"Re:ZERO -Starting Life in Another World-, Vol. 23",13867947,9fd27c585cdf8233a05a1a853a119e56bb4288412dad570ed56b04310f6b49d0
ReZero Starting Life in Another World - LN 24.epub,main,24,"Re:ZERO -Starting Life in Another World-, Vol. 24",14401148,d40813037fe83c881214ed87da50149ac591ef0f368a0b294652ea83a8d74ae5
ReZero Starting Life in Another World - LN 25.epub,main,25,"Re:ZERO -Starting Life in Another World-, Vol. 25",13177853,8961a3c2862cf88930946b00486488a3863f32479f1bae943e2046c57f421819
ReZero Starting Life in Another World - LN 26.epub,main,26,"Re:ZERO -Starting Life in Another World-, Vol. 26",13997754,39f7b34ba03e23ec8af3924d05deceae8745fc4a2be83a6a2daa0d1e72e24807
ReZero Starting Life in Another World - LN 27.epub,main,27,"Re:ZERO -Starting Life in Another World-, Vol. 27",15178790,aa4c3bac889306face9fda8d726a7871cf08ad9cd02191610014858be460314f
ReZero Starting Life in Another World - LN 28.epub,main,28,"Re:ZERO -Starting Life in Another World-, Vol. 28",10955779,7bca07b90e39785c604fc92c512272c723847dbee14914c3de60b691d1ccdb29
"Short Story Collection/ReZero Starting Life in Another World Short Story Collection, Vol. 1.epub",short_story_collection,1,"Re:ZERO -Starting Life in Another World- Short Story Collection, Vol. 1",13605075,5251c43287ab0c0de79d10582fb77f0390f7cb2a76bbeb980ec8d8a270dbe721
"Short Story Collection/ReZero Starting Life in Another World Short Story Collection, Vol. 2.epub",short_story_collection,2,"Re:ZERO -Starting Life in Another World- Short Story Collection, Vol. 2",15158039,6a7117eda7f10f50a18b8b701fa000c6a38a3f5f3145efa5d0cfac07d8e760b3
"Short Story Collection/ReZero Starting Life in Another World Short Story Collection, Vol. 3.epub",short_story_collection,3,"Re:ZERO -Starting Life in Another World- Short Story Collection, Vol. 3",14877923,d826797748ed8b14f8026ba0d54afc6b7ec8ef425e6fc03be7d3db0d34fbb529
"Short Story Collection/ReZero Starting Life in Another World Short Story Collection, Vol. 4.epub",short_story_collection,4,"Re:ZERO -Starting Life in Another World- Short Story Collection, Vol. 4",14458074,f017653e0a67658076e3863d79e40ff67c26b88c6cf10b3ff25fed6516eccd52
